依你觀測的結果來辦	ㄧ ㄋㄧˇ ㄍㄨㄢ ㄘㄜˋ ㄉㄜ˙ ㄐㄧㄝˊ ㄍㄨㄛˇ ㄌㄞˊ ㄅㄢˋ
一首遺憾的歌	ㄧˋ ㄕㄡˇ ㄧˊ ㄏㄢˋ ㄉㄜ˙ ㄍㄜ
我已經吃過晚餐了	ㄨㄛˇ ㄧˇ ㄐㄧㄥ ㄔ ㄍㄨㄛˋ ㄨㄢˇ ㄘㄢ ㄌㄜ˙
現在幾點了	ㄒㄧㄢˋ ㄗㄞˋ ㄐㄧˇ ㄉㄧㄢˇ ㄌㄜ˙
這是他的決定	ㄓㄜˋ ㄕˋ ㄊㄚ ㄉㄜ˙ ㄐㄩㄝˊ ㄉㄧㄥˋ
我們明天再見面	ㄨㄛˇ ㄇㄣ˙ ㄇㄧㄥˊ ㄊㄧㄢ ㄗㄞˋ ㄐㄧㄢˋ ㄇㄧㄢˋ
請幫我訂一張機票	ㄑㄧㄥˇ ㄅㄤ ㄨㄛˇ ㄉㄧㄥˋ ㄧˋ ㄓㄤ ㄐㄧ ㄆㄧㄠˋ
這份報告還需要修改	ㄓㄜˋ ㄈㄣˋ ㄅㄠˋ ㄍㄠˋ ㄏㄞˊ ㄒㄩ ㄧㄠˋ ㄒㄧㄡ ㄍㄞˇ
學校今天提早放假	ㄒㄩㄝˊ ㄒㄧㄠˋ ㄐㄧㄣ ㄊㄧㄢ ㄊㄧˊ ㄗㄠˇ ㄈㄤˋ ㄐㄧㄚˋ
請你校正這份文件	ㄑㄧㄥˇ ㄋㄧˇ ㄐㄧㄠˋ ㄓㄥˋ ㄓㄜˋ ㄈㄣˋ ㄨㄣˊ ㄐㄧㄢˋ
音樂讓人放鬆心情	ㄧㄣ ㄩㄝˋ ㄖㄤˋ ㄖㄣˊ ㄈㄤˋ ㄙㄨㄥ ㄒㄧㄣ ㄑㄧㄥˊ
快樂的時光總是短暫	ㄎㄨㄞˋ ㄌㄜˋ ㄉㄜ˙ ㄕˊ ㄍㄨㄤ ㄗㄨㄥˇ ㄕˋ ㄉㄨㄢˇ ㄓㄢˋ
這個問題非常重要	ㄓㄜˋ ㄍㄜ˙ ㄨㄣˋ ㄊㄧˊ ㄈㄟ ㄔㄤˊ ㄓㄨㄥˋ ㄧㄠˋ
他重新做了一次實驗	ㄊㄚ ㄔㄨㄥˊ ㄒㄧㄣ ㄗㄨㄛˋ ㄌㄜ˙ ㄧˊ ㄘˋ ㄕˊ ㄧㄢˋ
銀行就在前面轉角	ㄧㄣˊ ㄏㄤˊ ㄐㄧㄡˋ ㄗㄞˋ ㄑㄧㄢˊ ㄇㄧㄢˋ ㄓㄨㄢˇ ㄐㄧㄠˇ
這樣做才行得通	ㄓㄜˋ ㄧㄤˋ ㄗㄨㄛˋ ㄘㄞˊ ㄒㄧㄥˊ ㄉㄜ˙ ㄊㄨㄥ
我和他是多年的好朋友	ㄨㄛˇ ㄏㄢˋ ㄊㄚ ㄕˋ ㄉㄨㄛ ㄋㄧㄢˊ ㄉㄜ˙ ㄏㄠˇ ㄆㄥˊ ㄧㄡˇ
數學考試真的很難	ㄕㄨˋ ㄒㄩㄝˊ ㄎㄠˇ ㄕˋ ㄓㄣ ㄉㄜ˙ ㄏㄣˇ ㄋㄢˊ
請你數一數總共有幾個	ㄑㄧㄥˇ ㄋㄧˇ ㄕㄨˇ ㄧˋ ㄕㄨˇ ㄗㄨㄥˇ ㄍㄨㄥˋ ㄧㄡˇ ㄐㄧˇ ㄍㄜ˙
他長得比哥哥還高	ㄊㄚ ㄓㄤˇ ㄉㄜ˙ ㄅㄧˇ ㄍㄜ ㄍㄜ ㄏㄞˊ ㄍㄠ
這條山路又陡又長	ㄓㄜˋ ㄊㄧㄠˊ ㄕㄢ ㄌㄨˋ ㄧㄡˋ ㄉㄡˇ ㄧㄡˋ ㄔㄤˊ
我覺得這樣並不太好	ㄨㄛˇ ㄐㄩㄝˊ ㄉㄜ˙ ㄓㄜˋ ㄧㄤˋ ㄅㄧㄥˋ ㄅㄨˋ ㄊㄞˋ ㄏㄠˇ
他跑得比誰都快	ㄊㄚ ㄆㄠˇ ㄉㄜ˙ ㄅㄧˇ ㄕㄟˊ ㄉㄡ ㄎㄨㄞˋ
你得早一點出門才行	ㄋㄧˇ ㄉㄟˇ ㄗㄠˇ ㄧˋ ㄉㄧㄢˇ ㄔㄨ ㄇㄣˊ ㄘㄞˊ ㄒㄧㄥˊ
這是我應得的報酬	ㄓㄜˋ ㄕˋ ㄨㄛˇ ㄧㄥ ㄉㄜˊ ㄉㄜ˙ ㄅㄠˋ ㄔㄡˊ
警察正在調查這起案件	ㄐㄧㄥˇ ㄔㄚˊ ㄓㄥˋ ㄗㄞˋ ㄉㄧㄠˋ ㄔㄚˊ ㄓㄜˋ ㄑㄧˇ ㄢˋ ㄐㄧㄢˋ
請你調整一下音量	ㄑㄧㄥˇ ㄋㄧˇ ㄊㄧㄠˊ ㄓㄥˇ ㄧˊ ㄒㄧㄚˋ ㄧㄣ ㄌㄧㄤˋ
他們在公園裡散步聊天	ㄊㄚ ㄇㄣ˙ ㄗㄞˋ ㄍㄨㄥ ㄩㄢˊ ㄌㄧˇ ㄙㄢˋ ㄅㄨˋ ㄌㄧㄠˊ ㄊㄧㄢ
桌上散落著許多紙張	ㄓㄨㄛ ㄕㄤˋ ㄙㄢˋ ㄌㄨㄛˋ ㄓㄜ˙ ㄒㄩˇ ㄉㄨㄛ ㄓˇ ㄓㄤ
天氣漸漸轉涼了	ㄊㄧㄢ ㄑㄧˋ ㄐㄧㄢˋ ㄐㄧㄢˋ ㄓㄨㄢˇ ㄌㄧㄤˊ ㄌㄜ˙
他默默把房門關上	ㄊㄚ ㄇㄛˋ ㄇㄛˋ ㄅㄚˇ ㄈㄤˊ ㄇㄣˊ ㄍㄨㄢ ㄕㄤˋ
這部電影真的很好看	ㄓㄜˋ ㄅㄨˋ ㄉㄧㄢˋ ㄧㄥˇ ㄓㄣ ㄉㄜ˙ ㄏㄣˇ ㄏㄠˇ ㄎㄢˋ
老師正在批改我們的作業	ㄌㄠˇ ㄕ ㄓㄥˋ ㄗㄞˋ ㄆㄧ ㄍㄞˇ ㄨㄛˇ ㄇㄣ˙ ㄉㄜ˙ ㄗㄨㄛˋ ㄧㄝˋ
他的個性一向很直率	ㄊㄚ ㄉㄜ˙ ㄍㄜˋ ㄒㄧㄥˋ ㄧˊ ㄒㄧㄤˋ ㄏㄣˇ ㄓˊ ㄕㄨㄞˋ
我想去圖書館借一本書	ㄨㄛˇ ㄒㄧㄤˇ ㄑㄩˋ ㄊㄨˊ ㄕㄨ ㄍㄨㄢˇ ㄐㄧㄝˋ ㄧˋ ㄅㄣˇ ㄕㄨ
他在大學裡教書多年	ㄊㄚ ㄗㄞˋ ㄉㄚˋ ㄒㄩㄝˊ ㄌㄧˇ ㄐㄧㄠ ㄕㄨ ㄉㄨㄛ ㄋㄧㄢˊ
這件事情其實很複雜	ㄓㄜˋ ㄐㄧㄢˋ ㄕˋ ㄑㄧㄥˊ ㄑㄧˊ ㄕˊ ㄏㄣˇ ㄈㄨˋ ㄗㄚˊ
他的表現令人非常滿意	ㄊㄚ ㄉㄜ˙ ㄅㄧㄠˇ ㄒㄧㄢˋ ㄌㄧㄥˋ ㄖㄣˊ ㄈㄟ ㄔㄤˊ ㄇㄢˇ ㄧˋ
妹妹的頭髮又黑又長	ㄇㄟˋ ㄇㄟ˙ ㄉㄜ˙ ㄊㄡˊ ㄈㄚˇ ㄧㄡˋ ㄏㄟ ㄧㄡˋ ㄔㄤˊ
請大家保持安靜	ㄑㄧㄥˇ ㄉㄚˋ ㄐㄧㄚ ㄅㄠˇ ㄔˊ ㄢ ㄐㄧㄥˋ
我想買收音機	ㄨㄛˇ ㄒㄧㄤˇ ㄇㄞˇ ㄕㄡ ㄧㄣ ㄐㄧ
